{"cameraMode":{"drawMode":0,"name":"Shaded","section":"Shading Mode"},"sceneLighting":true,"audioPlay":false,"sceneViewState":{"m_AlwaysRefresh":false,"showFog":true,"showSkybox":true,"showFlares":true,"showImageEffects":true,"showParticleSystems":true,"showVisualEffectGraphs":true,"m_FxEnabled":true},"in2DMode":false,"pivot":{"x":-31.764171600341798,"y":48.83644104003906,"z":28.889816284179689},"rotation":{"x":0.18432335555553437,"y":0.42633458971977236,"z":-0.08955872803926468,"w":0.88102126121521},"size":2.0660252571105959,"orthographic":false}